id,module,suite,case,status,category,source
AUTO-001,api,org.openmrs.module.synchronizationmr.advice.PatientCreationAdviceTest,rejectsReadOnlyTransactionBeforeSave,PASS,Aislada / dobles,synchronizationmr/api/src/test/java/org/openmrs/module/synchronizationmr/advice/PatientCreationAdviceTest.java
AUTO-002,api,org.openmrs.module.synchronizationmr.advice.PatientCreationAdviceTest,startsTransactionWhenCoreAdviceHasNoTransactionYet,PASS,Aislada / dobles,synchronizationmr/api/src/test/java/org/openmrs/module/synchronizationmr/advice/PatientCreationAdviceTest.java
AUTO-003,api,org.openmrs.module.synchronizationmr.advice.PatientCreationAdviceTest,recordsPersonConvertedToPatientWithExistingPersonId,PASS,Aislada / dobles,synchronizationmr/api/src/test/java/org/openmrs/module/synchronizationmr/advice/PatientCreationAdviceTest.java
AUTO-004,api,org.openmrs.module.synchronizationmr.advice.PatientCreationAdviceTest,doesNotRecordWhenClinicalSaveFails,PASS,Aislada / dobles,synchronizationmr/api/src/test/java/org/openmrs/module/synchronizationmr/advice/PatientCreationAdviceTest.java
AUTO-005,api,org.openmrs.module.synchronizationmr.advice.PatientCreationAdviceTest,recordsNewPatientAfterSuccessfulSave,PASS,Aislada / dobles,synchronizationmr/api/src/test/java/org/openmrs/module/synchronizationmr/advice/PatientCreationAdviceTest.java
AUTO-006,api,org.openmrs.module.synchronizationmr.advice.PatientCreationAdviceTest,captureFailurePropagatesToClinicalTransaction,PASS,Aislada / dobles,synchronizationmr/api/src/test/java/org/openmrs/module/synchronizationmr/advice/PatientCreationAdviceTest.java
AUTO-007,api,org.openmrs.module.synchronizationmr.advice.PatientCreationAdviceTest,leavesUnrelatedMethodsUntouched,PASS,Aislada / dobles,synchronizationmr/api/src/test/java/org/openmrs/module/synchronizationmr/advice/PatientCreationAdviceTest.java
AUTO-008,api,org.openmrs.module.synchronizationmr.advice.PatientCreationAdviceTest,doesNotTreatPatientEditAsCreation,PASS,Aislada / dobles,synchronizationmr/api/src/test/java/org/openmrs/module/synchronizationmr/advice/PatientCreationAdviceTest.java
AUTO-009,api,org.openmrs.module.synchronizationmr.api.EncounterAdditionIntegrationTest,observationSaveWithoutOuterTransactionCapturesAtomically,PASS,Contexto OpenMRS/H2,synchronizationmr/api/src/test/java/org/openmrs/module/synchronizationmr/api/EncounterAdditionIntegrationTest.java
AUTO-010,api,org.openmrs.module.synchronizationmr.api.EncounterAdditionIntegrationTest,rejectsExistingObservationUuidInsteadOfOverwritingIt,PASS,Contexto OpenMRS/H2,synchronizationmr/api/src/test/java/org/openmrs/module/synchronizationmr/api/EncounterAdditionIntegrationTest.java
AUTO-011,api,org.openmrs.module.synchronizationmr.api.EncounterAdditionIntegrationTest,failedDependencyDoesNotSaveEarlierValidObservationOrAdvanceReceipt,PASS,Contexto OpenMRS/H2,synchronizationmr/api/src/test/java/org/openmrs/module/synchronizationmr/api/EncounterAdditionIntegrationTest.java
AUTO-012,api,org.openmrs.module.synchronizationmr.api.EncounterAdditionIntegrationTest,directObsSaveCapturesCompleteGroupAndSecondAddition,PASS,Contexto OpenMRS/H2,synchronizationmr/api/src/test/java/org/openmrs/module/synchronizationmr/api/EncounterAdditionIntegrationTest.java
AUTO-013,api,org.openmrs.module.synchronizationmr.api.EncounterAdditionIntegrationTest,localRollbackRemovesObservationAndAdditionTogether,PASS,Contexto OpenMRS/H2,synchronizationmr/api/src/test/java/org/openmrs/module/synchronizationmr/api/EncounterAdditionIntegrationTest.java
AUTO-014,api,org.openmrs.module.synchronizationmr.api.EncounterAdditionIntegrationTest,preparationRejectsInvalidCursorAndBounds,PASS,Contexto OpenMRS/H2,synchronizationmr/api/src/test/java/org/openmrs/module/synchronizationmr/api/EncounterAdditionIntegrationTest.java
AUTO-015,api,org.openmrs.module.synchronizationmr.api.EncounterAdditionIntegrationTest,initialGroupRemainsInCreationAndLaterChildReferencesExistingGroup,PASS,Contexto OpenMRS/H2,synchronizationmr/api/src/test/java/org/openmrs/module/synchronizationmr/api/EncounterAdditionIntegrationTest.java
AUTO-016,api,org.openmrs.module.synchronizationmr.api.EncounterAdditionIntegrationTest,lateOrderLinkFailureRollsBackResultsAndReceipt,PASS,Contexto OpenMRS/H2,synchronizationmr/api/src/test/java/org/openmrs/module/synchronizationmr/api/EncounterAdditionIntegrationTest.java
AUTO-017,api,org.openmrs.module.synchronizationmr.api.EncounterAdditionIntegrationTest,preparationRollbackKeepsHistoricalResultsAndCanRetry,PASS,Contexto OpenMRS/H2,synchronizationmr/api/src/test/java/org/openmrs/module/synchronizationmr/api/EncounterAdditionIntegrationTest.java
AUTO-018,api,org.openmrs.module.synchronizationmr.api.EncounterAdditionIntegrationTest,preparesHistoricalResultsWithoutChangingClinicalRowsAndRescansWithoutDuplicates,PASS,Contexto OpenMRS/H2,synchronizationmr/api/src/test/java/org/openmrs/module/synchronizationmr/api/EncounterAdditionIntegrationTest.java
AUTO-019,api,org.openmrs.module.synchronizationmr.api.EncounterAdditionIntegrationTest,preparationAdvancesPastEmptyEncountersAndHonorsBatchSize,PASS,Contexto OpenMRS/H2,synchronizationmr/api/src/test/java/org/openmrs/module/synchronizationmr/api/EncounterAdditionIntegrationTest.java
AUTO-020,api,org.openmrs.module.synchronizationmr.api.EncounterAdditionIntegrationTest,receivesGroupWithOrderLinkAndRetriesWithoutEchoOrDuplicates,PASS,Contexto OpenMRS/H2,synchronizationmr/api/src/test/java/org/openmrs/module/synchronizationmr/api/EncounterAdditionIntegrationTest.java
AUTO-021,api,org.openmrs.module.synchronizationmr.api.EncounterAdditionIntegrationTest,rejectsMissingEncounterWrongPatientGapsAndConflictingRetry,PASS,Contexto OpenMRS/H2,synchronizationmr/api/src/test/java/org/openmrs/module/synchronizationmr/api/EncounterAdditionIntegrationTest.java
AUTO-022,api,org.openmrs.module.synchronizationmr.api.EncounterAdditionIntegrationTest,appendsToExistingGroupWithoutReplacingItsMembers,PASS,Contexto OpenMRS/H2,synchronizationmr/api/src/test/java/org/openmrs/module/synchronizationmr/api/EncounterAdditionIntegrationTest.java
AUTO-023,api,org.openmrs.module.synchronizationmr.api.EncounterAdditionIntegrationTest,encounterSaveCapturesGroupOnceAndKeepsCreationImmutable,PASS,Contexto OpenMRS/H2,synchronizationmr/api/src/test/java/org/openmrs/module/synchronizationmr/api/EncounterAdditionIntegrationTest.java
AUTO-024,api,org.openmrs.module.synchronizationmr.api.EncounterCaptureIntegrationTest,capturesWithoutPatientSyncIdentityOrNetwork,PASS,Contexto OpenMRS/H2,synchronizationmr/api/src/test/java/org/openmrs/module/synchronizationmr/api/EncounterCaptureIntegrationTest.java
AUTO-025,api,org.openmrs.module.synchronizationmr.api.EncounterCaptureIntegrationTest,capturesWhenCallerHasNoOuterTransaction,PASS,Contexto OpenMRS/H2,synchronizationmr/api/src/test/java/org/openmrs/module/synchronizationmr/api/EncounterCaptureIntegrationTest.java
AUTO-026,api,org.openmrs.module.synchronizationmr.api.EncounterCaptureIntegrationTest,capturesTwoCreationsAndDoesNotDuplicateOnEditOrRepeatedCapture,PASS,Contexto OpenMRS/H2,synchronizationmr/api/src/test/java/org/openmrs/module/synchronizationmr/api/EncounterCaptureIntegrationTest.java
AUTO-027,api,org.openmrs.module.synchronizationmr.api.EncounterCaptureIntegrationTest,storesSnapshotAndKeepsItUnchangedAfterEditing,PASS,Contexto OpenMRS/H2,synchronizationmr/api/src/test/java/org/openmrs/module/synchronizationmr/api/EncounterCaptureIntegrationTest.java
AUTO-028,api,org.openmrs.module.synchronizationmr.api.EncounterCaptureIntegrationTest,oldEncounterEditDoesNotBecomeCreation,PASS,Contexto OpenMRS/H2,synchronizationmr/api/src/test/java/org/openmrs/module/synchronizationmr/api/EncounterCaptureIntegrationTest.java
AUTO-029,api,org.openmrs.module.synchronizationmr.api.EncounterCaptureIntegrationTest,rollbackRemovesEncounterAndPendingEventTogether,PASS,Contexto OpenMRS/H2,synchronizationmr/api/src/test/java/org/openmrs/module/synchronizationmr/api/EncounterCaptureIntegrationTest.java
AUTO-030,api,org.openmrs.module.synchronizationmr.api.EncounterPreparationIntegrationTest,preservesCommittedBatchAndResumesRolledBackBatch,PASS,Contexto OpenMRS/H2,synchronizationmr/api/src/test/java/org/openmrs/module/synchronizationmr/api/EncounterPreparationIntegrationTest.java
AUTO-031,api,org.openmrs.module.synchronizationmr.api.EncounterPreparationIntegrationTest,preparesExistingEncountersWithoutCreatingClinicalRowsOrPreparingPatients,PASS,Contexto OpenMRS/H2,synchronizationmr/api/src/test/java/org/openmrs/module/synchronizationmr/api/EncounterPreparationIntegrationTest.java
AUTO-032,api,org.openmrs.module.synchronizationmr.api.EncounterPreparationIntegrationTest,refusesHistoricalMissingJsonAndInvalidLimits,PASS,Contexto OpenMRS/H2,synchronizationmr/api/src/test/java/org/openmrs/module/synchronizationmr/api/EncounterPreparationIntegrationTest.java
AUTO-033,api,org.openmrs.module.synchronizationmr.api.EncounterReceiveIntegrationTest,rejectsPreviousObservationFromAnotherPatient,PASS,Contexto OpenMRS/H2,synchronizationmr/api/src/test/java/org/openmrs/module/synchronizationmr/api/EncounterReceiveIntegrationTest.java
AUTO-034,api,org.openmrs.module.synchronizationmr.api.EncounterReceiveIntegrationTest,rejectsMissingConceptAndUnsupportedContentWithoutPartialSave,PASS,Contexto OpenMRS/H2,synchronizationmr/api/src/test/java/org/openmrs/module/synchronizationmr/api/EncounterReceiveIntegrationTest.java
AUTO-035,api,org.openmrs.module.synchronizationmr.api.EncounterReceiveIntegrationTest,resolvesHistoricalVersionFromEarlierEncounterOfSamePatient,PASS,Contexto OpenMRS/H2,synchronizationmr/api/src/test/java/org/openmrs/module/synchronizationmr/api/EncounterReceiveIntegrationTest.java
AUTO-036,api,org.openmrs.module.synchronizationmr.api.EncounterReceiveIntegrationTest,receivesGroupedObservationsAndRetainsOriginalEventWithoutLocalRecapture,PASS,Contexto OpenMRS/H2,synchronizationmr/api/src/test/java/org/openmrs/module/synchronizationmr/api/EncounterReceiveIntegrationTest.java
AUTO-037,api,org.openmrs.module.synchronizationmr.api.EncounterReceiveIntegrationTest,failedEventInsertRollsBackNewVisitToo,PASS,Contexto OpenMRS/H2,synchronizationmr/api/src/test/java/org/openmrs/module/synchronizationmr/api/EncounterReceiveIntegrationTest.java
AUTO-038,api,org.openmrs.module.synchronizationmr.api.EncounterReceiveIntegrationTest,rejectsMissingHistoricalVersionAndCyclesWithoutConfirming,PASS,Contexto OpenMRS/H2,synchronizationmr/api/src/test/java/org/openmrs/module/synchronizationmr/api/EncounterReceiveIntegrationTest.java
AUTO-039,api,org.openmrs.module.synchronizationmr.api.EncounterReceiveIntegrationTest,missingVisitCannotBeReplacedByAnAutomaticallyCreatedVisit,PASS,Contexto OpenMRS/H2,synchronizationmr/api/src/test/java/org/openmrs/module/synchronizationmr/api/EncounterReceiveIntegrationTest.java
AUTO-040,api,org.openmrs.module.synchronizationmr.api.EncounterReceiveIntegrationTest,preservesClosedVisitSnapshot,PASS,Contexto OpenMRS/H2,synchronizationmr/api/src/test/java/org/openmrs/module/synchronizationmr/api/EncounterReceiveIntegrationTest.java
AUTO-041,api,org.openmrs.module.synchronizationmr.api.EncounterReceiveIntegrationTest,importWithoutVisitDoesNotCreateOneButLocalRegistrationStillDoes,PASS,Contexto OpenMRS/H2,synchronizationmr/api/src/test/java/org/openmrs/module/synchronizationmr/api/EncounterReceiveIntegrationTest.java
AUTO-042,api,org.openmrs.module.synchronizationmr.api.EncounterReceiveIntegrationTest,importKeepsExplicitVisitInsteadOfReplacingItWithLocalAutomaticVisit,PASS,Contexto OpenMRS/H2,synchronizationmr/api/src/test/java/org/openmrs/module/synchronizationmr/api/EncounterReceiveIntegrationTest.java
AUTO-043,api,org.openmrs.module.synchronizationmr.api.EncounterReceiveIntegrationTest,preservesHistoricalObservationVersionsInsideSnapshotAndOnRetry,PASS,Contexto OpenMRS/H2,synchronizationmr/api/src/test/java/org/openmrs/module/synchronizationmr/api/EncounterReceiveIntegrationTest.java
AUTO-044,api,org.openmrs.module.synchronizationmr.api.EncounterReceiveIntegrationTest,stillAcceptsVersionTwoWithoutVisit,PASS,Contexto OpenMRS/H2,synchronizationmr/api/src/test/java/org/openmrs/module/synchronizationmr/api/EncounterReceiveIntegrationTest.java
AUTO-045,api,org.openmrs.module.synchronizationmr.api.EncounterReceiveIntegrationTest,rejectsGapsConflictingRetriesAndExistingEncounter,PASS,Contexto OpenMRS/H2,synchronizationmr/api/src/test/java/org/openmrs/module/synchronizationmr/api/EncounterReceiveIntegrationTest.java
AUTO-046,api,org.openmrs.module.synchronizationmr.api.EncounterReceiveIntegrationTest,missingPatientDoesNotCreateItOrConfirmEncounter,PASS,Contexto OpenMRS/H2,synchronizationmr/api/src/test/java/org/openmrs/module/synchronizationmr/api/EncounterReceiveIntegrationTest.java
AUTO-047,api,org.openmrs.module.synchronizationmr.api.EncounterReceiveIntegrationTest,databaseFailureRollsBackEncounterObservationsAndReceipt,PASS,Contexto OpenMRS/H2,synchronizationmr/api/src/test/java/org/openmrs/module/synchronizationmr/api/EncounterReceiveIntegrationTest.java
AUTO-048,api,org.openmrs.module.synchronizationmr.api.EncounterReceiveIntegrationTest,rejectsCycleBetweenTwoVersionsBeforeSaving,PASS,Contexto OpenMRS/H2,synchronizationmr/api/src/test/java/org/openmrs/module/synchronizationmr/api/EncounterReceiveIntegrationTest.java
AUTO-049,api,org.openmrs.module.synchronizationmr.api.EncounterReceiveIntegrationTest,rejectsVisitConflictsMissingMetadataAndUnsupportedAttributes,PASS,Contexto OpenMRS/H2,synchronizationmr/api/src/test/java/org/openmrs/module/synchronizationmr/api/EncounterReceiveIntegrationTest.java
AUTO-050,api,org.openmrs.module.synchronizationmr.api.EncounterReceiveIntegrationTest,createsVisitWithObservationAndReusesItForRetryAndNextEncounter,PASS,Contexto OpenMRS/H2,synchronizationmr/api/src/test/java/org/openmrs/module/synchronizationmr/api/EncounterReceiveIntegrationTest.java
AUTO-051,api,org.openmrs.module.synchronizationmr.api.EncounterReceiveIntegrationTest,receivesVisitAndVitalsWithTechnicalRole,PASS,Contexto OpenMRS/H2,synchronizationmr/api/src/test/java/org/openmrs/module/synchronizationmr/api/EncounterReceiveIntegrationTest.java
AUTO-052,api,org.openmrs.module.synchronizationmr.api.LocalNodeServiceIntegrationTest,persistsWithoutOuterTransaction,PASS,Contexto OpenMRS/H2,synchronizationmr/api/src/test/java/org/openmrs/module/synchronizationmr/api/LocalNodeServiceIntegrationTest.java
AUTO-053,api,org.openmrs.module.synchronizationmr.api.LocalNodeServiceIntegrationTest,missingOrInvalidConfigurationDoesNotCreateIdentity,PASS,Contexto OpenMRS/H2,synchronizationmr/api/src/test/java/org/openmrs/module/synchronizationmr/api/LocalNodeServiceIntegrationTest.java
AUTO-054,api,org.openmrs.module.synchronizationmr.api.LocalNodeServiceIntegrationTest,identityRollsBackWithCaller,PASS,Contexto OpenMRS/H2,synchronizationmr/api/src/test/java/org/openmrs/module/synchronizationmr/api/LocalNodeServiceIntegrationTest.java
AUTO-055,api,org.openmrs.module.synchronizationmr.api.LocalNodeServiceIntegrationTest,rejectsRenamingEstablishedOrigin,PASS,Contexto OpenMRS/H2,synchronizationmr/api/src/test/java/org/openmrs/module/synchronizationmr/api/LocalNodeServiceIntegrationTest.java
AUTO-056,api,org.openmrs.module.synchronizationmr.api.LocalNodeServiceIntegrationTest,usesConfiguredIdWithoutGeneratingUuidOrAdvancingCounters,PASS,Contexto OpenMRS/H2,synchronizationmr/api/src/test/java/org/openmrs/module/synchronizationmr/api/LocalNodeServiceIntegrationTest.java
AUTO-057,api,org.openmrs.module.synchronizationmr.api.LocalNodeServiceIntegrationTest,simultaneousFirstCallsUseSameConfiguredId,PASS,Contexto OpenMRS/H2,synchronizationmr/api/src/test/java/org/openmrs/module/synchronizationmr/api/LocalNodeServiceIntegrationTest.java
AUTO-058,api,org.openmrs.module.synchronizationmr.api.NodeIdentityMigrationTest,installsFromScratchAndKeepsIdentityAndCountersOnRestart,PASS,Liquibase/H2,synchronizationmr/api/src/test/java/org/openmrs/module/synchronizationmr/api/NodeIdentityMigrationTest.java
AUTO-059,api,org.openmrs.module.synchronizationmr.api.NodeIdentityMigrationTest,stopsRatherThanReinterpretingOldOrigins,PASS,Liquibase/H2,synchronizationmr/api/src/test/java/org/openmrs/module/synchronizationmr/api/NodeIdentityMigrationTest.java
AUTO-060,api,org.openmrs.module.synchronizationmr.api.NodeIdentityMigrationTest,upgradesEmptySyncTablesAndPreservesClinicalRows,PASS,Liquibase/H2,synchronizationmr/api/src/test/java/org/openmrs/module/synchronizationmr/api/NodeIdentityMigrationTest.java
AUTO-061,api,org.openmrs.module.synchronizationmr.api.OrderPreparationIntegrationTest,preservesCommittedBatchAndResumesRolledBackBatch,PASS,Contexto OpenMRS/H2,synchronizationmr/api/src/test/java/org/openmrs/module/synchronizationmr/api/OrderPreparationIntegrationTest.java
AUTO-062,api,org.openmrs.module.synchronizationmr.api.OrderPreparationIntegrationTest,voidedUnpreparedPredecessorDoesNotAllowDependentToJumpAhead,PASS,Contexto OpenMRS/H2,synchronizationmr/api/src/test/java/org/openmrs/module/synchronizationmr/api/OrderPreparationIntegrationTest.java
AUTO-063,api,org.openmrs.module.synchronizationmr.api.OrderPreparationIntegrationTest,preparesExistingOrdersWithoutCreatingClinicalRowsOrPreparingPatients,PASS,Contexto OpenMRS/H2,synchronizationmr/api/src/test/java/org/openmrs/module/synchronizationmr/api/OrderPreparationIntegrationTest.java
AUTO-064,api,org.openmrs.module.synchronizationmr.api.OrderPreparationIntegrationTest,refusesHistoricalMissingJsonAndInvalidLimits,PASS,Contexto OpenMRS/H2,synchronizationmr/api/src/test/java/org/openmrs/module/synchronizationmr/api/OrderPreparationIntegrationTest.java
AUTO-065,api,org.openmrs.module.synchronizationmr.api.OrderPreparationIntegrationTest,dependencyCycleRemainsPendingAndIsNotReportedAsCompleted,PASS,Contexto OpenMRS/H2,synchronizationmr/api/src/test/java/org/openmrs/module/synchronizationmr/api/OrderPreparationIntegrationTest.java
AUTO-066,api,org.openmrs.module.synchronizationmr.api.OrderPreparationIntegrationTest,preparesPredecessorBeforeDependentEvenWhenItsLocalIdIsHigher,PASS,Contexto OpenMRS/H2,synchronizationmr/api/src/test/java/org/openmrs/module/synchronizationmr/api/OrderPreparationIntegrationTest.java
AUTO-067,api,org.openmrs.module.synchronizationmr.api.OrderReceiveIntegrationTest,capturesDiscontinuationCreatedByNativeConvenienceMethod,PASS,Contexto OpenMRS/H2,synchronizationmr/api/src/test/java/org/openmrs/module/synchronizationmr/api/OrderReceiveIntegrationTest.java
AUTO-068,api,org.openmrs.module.synchronizationmr.api.OrderReceiveIntegrationTest,databaseFailureRollsBackOrderAndReceipt,PASS,Contexto OpenMRS/H2,synchronizationmr/api/src/test/java/org/openmrs/module/synchronizationmr/api/OrderReceiveIntegrationTest.java
AUTO-069,api,org.openmrs.module.synchronizationmr.api.OrderReceiveIntegrationTest,missingEncounterDoesNotCreatePatientOrConfirm,PASS,Contexto OpenMRS/H2,synchronizationmr/api/src/test/java/org/openmrs/module/synchronizationmr/api/OrderReceiveIntegrationTest.java
AUTO-070,api,org.openmrs.module.synchronizationmr.api.OrderReceiveIntegrationTest,persistsDeferredObservationLinkAndCompletesItWhenOrderArrives,PASS,Contexto OpenMRS/H2,synchronizationmr/api/src/test/java/org/openmrs/module/synchronizationmr/api/OrderReceiveIntegrationTest.java
AUTO-071,api,org.openmrs.module.synchronizationmr.api.OrderReceiveIntegrationTest,rejectsMismatchedPatientAndUnknownCatalog,PASS,Contexto OpenMRS/H2,synchronizationmr/api/src/test/java/org/openmrs/module/synchronizationmr/api/OrderReceiveIntegrationTest.java
AUTO-072,api,org.openmrs.module.synchronizationmr.api.OrderReceiveIntegrationTest,rejectsOrderForAnotherPatientWithoutLosingPendingLinks,PASS,Contexto OpenMRS/H2,synchronizationmr/api/src/test/java/org/openmrs/module/synchronizationmr/api/OrderReceiveIntegrationTest.java
AUTO-073,api,org.openmrs.module.synchronizationmr.api.OrderReceiveIntegrationTest,importsStoppedSnapshotThenItsDiscontinuationWithoutReopeningIt,PASS,Contexto OpenMRS/H2,synchronizationmr/api/src/test/java/org/openmrs/module/synchronizationmr/api/OrderReceiveIntegrationTest.java
AUTO-074,api,org.openmrs.module.synchronizationmr.api.OrderReceiveIntegrationTest,importsRevisionAndClosesPreviousOrderAtomically,PASS,Contexto OpenMRS/H2,synchronizationmr/api/src/test/java/org/openmrs/module/synchronizationmr/api/OrderReceiveIntegrationTest.java
AUTO-075,api,org.openmrs.module.synchronizationmr.api.OrderReceiveIntegrationTest,resolvesObservationImmediatelyWhenOrderAlreadyArrived,PASS,Contexto OpenMRS/H2,synchronizationmr/api/src/test/java/org/openmrs/module/synchronizationmr/api/OrderReceiveIntegrationTest.java
AUTO-076,api,org.openmrs.module.synchronizationmr.api.OrderReceiveIntegrationTest,receivesOrderWithPatientEncounterAndOriginalEventWithoutRecapture,PASS,Contexto OpenMRS/H2,synchronizationmr/api/src/test/java/org/openmrs/module/synchronizationmr/api/OrderReceiveIntegrationTest.java
AUTO-077,api,org.openmrs.module.synchronizationmr.api.OrderReceiveIntegrationTest,receivesDrugAndTestSpecificFields,PASS,Contexto OpenMRS/H2,synchronizationmr/api/src/test/java/org/openmrs/module/synchronizationmr/api/OrderReceiveIntegrationTest.java
AUTO-078,api,org.openmrs.module.synchronizationmr.api.OrderReceiveIntegrationTest,rejectsGapChangedRetryAndExistingUuid,PASS,Contexto OpenMRS/H2,synchronizationmr/api/src/test/java/org/openmrs/module/synchronizationmr/api/OrderReceiveIntegrationTest.java
AUTO-079,api,org.openmrs.module.synchronizationmr.api.OrderReceiveIntegrationTest,capturesNativeCreationOnlyOnce,PASS,Contexto OpenMRS/H2,synchronizationmr/api/src/test/java/org/openmrs/module/synchronizationmr/api/OrderReceiveIntegrationTest.java
AUTO-080,api,org.openmrs.module.synchronizationmr.api.PatientCaptureIntegrationTest,committedRecordSurvivesANewTransaction,PASS,Contexto OpenMRS/H2,synchronizationmr/api/src/test/java/org/openmrs/module/synchronizationmr/api/PatientCaptureIntegrationTest.java
AUTO-081,api,org.openmrs.module.synchronizationmr.api.PatientCaptureIntegrationTest,missingEventIsNotHiddenByQuery,PASS,Contexto OpenMRS/H2,synchronizationmr/api/src/test/java/org/openmrs/module/synchronizationmr/api/PatientCaptureIntegrationTest.java
AUTO-082,api,org.openmrs.module.synchronizationmr.api.PatientCaptureIntegrationTest,queriesOrderedPagesWithoutChangingPendingEvents,PASS,Contexto OpenMRS/H2,synchronizationmr/api/src/test/java/org/openmrs/module/synchronizationmr/api/PatientCaptureIntegrationTest.java
AUTO-083,api,org.openmrs.module.synchronizationmr.api.PatientCaptureIntegrationTest,legacyEventWithoutPayloadIsNotReconstructedFromCurrentPatient,PASS,Contexto OpenMRS/H2,synchronizationmr/api/src/test/java/org/openmrs/module/synchronizationmr/api/PatientCaptureIntegrationTest.java
AUTO-084,api,org.openmrs.module.synchronizationmr.api.PatientCaptureIntegrationTest,higherSequenceDoesNotHideGap,PASS,Contexto OpenMRS/H2,synchronizationmr/api/src/test/java/org/openmrs/module/synchronizationmr/api/PatientCaptureIntegrationTest.java
AUTO-085,api,org.openmrs.module.synchronizationmr.api.PatientCaptureIntegrationTest,serializationFailureRollsBackPatientIdentityAndCounter,PASS,Contexto OpenMRS/H2,synchronizationmr/api/src/test/java/org/openmrs/module/synchronizationmr/api/PatientCaptureIntegrationTest.java
AUTO-086,api,org.openmrs.module.synchronizationmr.api.PatientCaptureIntegrationTest,simultaneousClinicalTransactionsAllocateDifferentSequences,PASS,Contexto OpenMRS/H2,synchronizationmr/api/src/test/java/org/openmrs/module/synchronizationmr/api/PatientCaptureIntegrationTest.java
AUTO-087,api,org.openmrs.module.synchronizationmr.api.PatientCaptureIntegrationTest,changingObsoleteLabelDoesNotChangeServerIdentity,PASS,Contexto OpenMRS/H2,synchronizationmr/api/src/test/java/org/openmrs/module/synchronizationmr/api/PatientCaptureIntegrationTest.java
AUTO-088,api,org.openmrs.module.synchronizationmr.api.PatientCaptureIntegrationTest,clinicalSaveCreatesPendingIdentityAndRepeatedSaveDoesNotDuplicate,PASS,Contexto OpenMRS/H2,synchronizationmr/api/src/test/java/org/openmrs/module/synchronizationmr/api/PatientCaptureIntegrationTest.java
AUTO-089,api,org.openmrs.module.synchronizationmr.api.PatientCaptureIntegrationTest,capturesExistingPersonBecomingPatient,PASS,Contexto OpenMRS/H2,synchronizationmr/api/src/test/java/org/openmrs/module/synchronizationmr/api/PatientCaptureIntegrationTest.java
AUTO-090,api,org.openmrs.module.synchronizationmr.api.PatientCaptureIntegrationTest,failureAfterOutboxWriteRollsBackClinicalSaveWithoutOuterTransaction,PASS,Contexto OpenMRS/H2,synchronizationmr/api/src/test/java/org/openmrs/module/synchronizationmr/api/PatientCaptureIntegrationTest.java
AUTO-091,api,org.openmrs.module.synchronizationmr.api.PatientCaptureIntegrationTest,creationPayloadPreservesIdentityAndClinicalReferences,PASS,Contexto OpenMRS/H2,synchronizationmr/api/src/test/java/org/openmrs/module/synchronizationmr/api/PatientCaptureIntegrationTest.java
AUTO-092,api,org.openmrs.module.synchronizationmr.api.PatientCaptureIntegrationTest,rollbackRemovesPatientIdentityEventAndCounterIncrement,PASS,Contexto OpenMRS/H2,synchronizationmr/api/src/test/java/org/openmrs/module/synchronizationmr/api/PatientCaptureIntegrationTest.java
AUTO-093,api,org.openmrs.module.synchronizationmr.api.PatientCaptureIntegrationTest,preparingAgainPreservesSequenceAndOriginalSnapshot,PASS,Contexto OpenMRS/H2,synchronizationmr/api/src/test/java/org/openmrs/module/synchronizationmr/api/PatientCaptureIntegrationTest.java
AUTO-094,api,org.openmrs.module.synchronizationmr.api.PatientCaptureIntegrationTest,patientUsesPreviouslyInitializedServerId,PASS,Contexto OpenMRS/H2,synchronizationmr/api/src/test/java/org/openmrs/module/synchronizationmr/api/PatientCaptureIntegrationTest.java
AUTO-095,api,org.openmrs.module.synchronizationmr.api.PatientCaptureIntegrationTest,capturesWithoutAnOuterTestTransaction,PASS,Contexto OpenMRS/H2,synchronizationmr/api/src/test/java/org/openmrs/module/synchronizationmr/api/PatientCaptureIntegrationTest.java
AUTO-096,api,org.openmrs.module.synchronizationmr.api.PatientCaptureIntegrationTest,missingPayloadAbortsPageInsteadOfSkippingEvent,PASS,Contexto OpenMRS/H2,synchronizationmr/api/src/test/java/org/openmrs/module/synchronizationmr/api/PatientCaptureIntegrationTest.java
AUTO-097,api,org.openmrs.module.synchronizationmr.api.PatientCaptureIntegrationTest,successivePatientsShareOriginAndHaveDifferentSequences,PASS,Contexto OpenMRS/H2,synchronizationmr/api/src/test/java/org/openmrs/module/synchronizationmr/api/PatientCaptureIntegrationTest.java
AUTO-098,api,org.openmrs.module.synchronizationmr.api.PatientCaptureIntegrationTest,editingPatientDoesNotRewriteOriginalPayload,PASS,Contexto OpenMRS/H2,synchronizationmr/api/src/test/java/org/openmrs/module/synchronizationmr/api/PatientCaptureIntegrationTest.java
AUTO-099,api,org.openmrs.module.synchronizationmr.api.PatientCaptureIntegrationTest,configuringServerIdPreservesExistingPatientEvent,PASS,Contexto OpenMRS/H2,synchronizationmr/api/src/test/java/org/openmrs/module/synchronizationmr/api/PatientCaptureIntegrationTest.java
AUTO-100,api,org.openmrs.module.synchronizationmr.api.PatientCaptureIntegrationTest,queriesSeparateOriginsAndRejectInvalidArguments,PASS,Contexto OpenMRS/H2,synchronizationmr/api/src/test/java/org/openmrs/module/synchronizationmr/api/PatientCaptureIntegrationTest.java
AUTO-101,api,org.openmrs.module.synchronizationmr.api.PatientCaptureIntegrationTest,missingServerIdRollsBackClinicalCreationInsteadOfInventingOrigin,PASS,Contexto OpenMRS/H2,synchronizationmr/api/src/test/java/org/openmrs/module/synchronizationmr/api/PatientCaptureIntegrationTest.java
AUTO-102,api,org.openmrs.module.synchronizationmr.api.PatientCaptureIntegrationTest,preparationRollsBackWithItsCallingTransaction,PASS,Contexto OpenMRS/H2,synchronizationmr/api/src/test/java/org/openmrs/module/synchronizationmr/api/PatientCaptureIntegrationTest.java
AUTO-103,api,org.openmrs.module.synchronizationmr.api.PatientCaptureIntegrationTest,preparationRejectsMissingPatientAndMissingHistoricalPayload,PASS,Contexto OpenMRS/H2,synchronizationmr/api/src/test/java/org/openmrs/module/synchronizationmr/api/PatientCaptureIntegrationTest.java
AUTO-104,api,org.openmrs.module.synchronizationmr.api.PatientCaptureIntegrationTest,preparesPreexistingPatientWithoutCreatingAnotherPatient,PASS,Contexto OpenMRS/H2,synchronizationmr/api/src/test/java/org/openmrs/module/synchronizationmr/api/PatientCaptureIntegrationTest.java
AUTO-105,api,org.openmrs.module.synchronizationmr.api.PatientPreparationIntegrationTest,batchesExistingPatientsWithoutDuplicatingOrRewritingSnapshots,PASS,Contexto OpenMRS/H2,synchronizationmr/api/src/test/java/org/openmrs/module/synchronizationmr/api/PatientPreparationIntegrationTest.java
AUTO-106,api,org.openmrs.module.synchronizationmr.api.PatientPreparationIntegrationTest,doesNotHideAnExistingEventWithoutPayload,PASS,Contexto OpenMRS/H2,synchronizationmr/api/src/test/java/org/openmrs/module/synchronizationmr/api/PatientPreparationIntegrationTest.java
AUTO-107,api,org.openmrs.module.synchronizationmr.api.PatientPreparationIntegrationTest,rejectsInvalidLimitsAndInterruptionWithoutPreparingPatients,PASS,Contexto OpenMRS/H2,synchronizationmr/api/src/test/java/org/openmrs/module/synchronizationmr/api/PatientPreparationIntegrationTest.java
AUTO-108,api,org.openmrs.module.synchronizationmr.api.PatientPreparationIntegrationTest,resumesAfterRollbackWithoutLosingPreviouslyCommittedBatch,PASS,Contexto OpenMRS/H2,synchronizationmr/api/src/test/java/org/openmrs/module/synchronizationmr/api/PatientPreparationIntegrationTest.java
AUTO-109,api,org.openmrs.module.synchronizationmr.api.PatientPreparationIntegrationTest,invalidPatientRollsBackEarlierPatientsInSameBatch,PASS,Contexto OpenMRS/H2,synchronizationmr/api/src/test/java/org/openmrs/module/synchronizationmr/api/PatientPreparationIntegrationTest.java
AUTO-110,api,org.openmrs.module.synchronizationmr.api.PatientReceiveIntegrationTest,retryDoesNotOverwriteLocalCorrectionOrReplaceOriginalSnapshot,PASS,Contexto OpenMRS/H2,synchronizationmr/api/src/test/java/org/openmrs/module/synchronizationmr/api/PatientReceiveIntegrationTest.java
AUTO-111,api,org.openmrs.module.synchronizationmr.api.PatientReceiveIntegrationTest,rejectsInvalidTimeAndMissingNewFields,PASS,Contexto OpenMRS/H2,synchronizationmr/api/src/test/java/org/openmrs/module/synchronizationmr/api/PatientReceiveIntegrationTest.java
AUTO-112,api,org.openmrs.module.synchronizationmr.api.PatientReceiveIntegrationTest,rejectsEquivalentNamesRatherThanSilentlyDroppingOne,PASS,Contexto OpenMRS/H2,synchronizationmr/api/src/test/java/org/openmrs/module/synchronizationmr/api/PatientReceiveIntegrationTest.java
AUTO-113,api,org.openmrs.module.synchronizationmr.api.PatientReceiveIntegrationTest,differentContentForConfirmedSequenceIsRejected,PASS,Contexto OpenMRS/H2,synchronizationmr/api/src/test/java/org/openmrs/module/synchronizationmr/api/PatientReceiveIntegrationTest.java
AUTO-114,api,org.openmrs.module.synchronizationmr.api.PatientReceiveIntegrationTest,rejectsOldNodeUuidSchemaWithoutSavingPatient,PASS,Contexto OpenMRS/H2,synchronizationmr/api/src/test/java/org/openmrs/module/synchronizationmr/api/PatientReceiveIntegrationTest.java
AUTO-115,api,org.openmrs.module.synchronizationmr.api.PatientReceiveIntegrationTest,duplicateEventUuidRollsBackClinicalSaveAndConfirmationWithoutOuterTransaction,PASS,Contexto OpenMRS/H2,synchronizationmr/api/src/test/java/org/openmrs/module/synchronizationmr/api/PatientReceiveIntegrationTest.java
AUTO-116,api,org.openmrs.module.synchronizationmr.api.PatientReceiveIntegrationTest,missingCatalogDoesNotSavePatientOrAdvanceConfirmation,PASS,Contexto OpenMRS/H2,synchronizationmr/api/src/test/java/org/openmrs/module/synchronizationmr/api/PatientReceiveIntegrationTest.java
AUTO-117,api,org.openmrs.module.synchronizationmr.api.PatientReceiveIntegrationTest,cannotConfirmThreeWhenTwoIsMissing,PASS,Contexto OpenMRS/H2,synchronizationmr/api/src/test/java/org/openmrs/module/synchronizationmr/api/PatientReceiveIntegrationTest.java
AUTO-118,api,org.openmrs.module.synchronizationmr.api.PatientReceiveIntegrationTest,simultaneousDuplicateDeliveryCreatesSingleRecord,PASS,Contexto OpenMRS/H2,synchronizationmr/api/src/test/java/org/openmrs/module/synchronizationmr/api/PatientReceiveIntegrationTest.java
AUTO-119,api,org.openmrs.module.synchronizationmr.api.PatientReceiveIntegrationTest,preservesBirthtimeAndAttributesIncludingReferenceAcrossDifferentLocalIds,PASS,Contexto OpenMRS/H2,synchronizationmr/api/src/test/java/org/openmrs/module/synchronizationmr/api/PatientReceiveIntegrationTest.java
AUTO-120,api,org.openmrs.module.synchronizationmr.api.PatientReceiveIntegrationTest,rejectsMissingAttributeCatalogWithoutSavingOrConfirming,PASS,Contexto OpenMRS/H2,synchronizationmr/api/src/test/java/org/openmrs/module/synchronizationmr/api/PatientReceiveIntegrationTest.java
AUTO-121,api,org.openmrs.module.synchronizationmr.api.PatientReceiveIntegrationTest,rejectsEquivalentIdentifiersRatherThanSilentlyDroppingOne,PASS,Contexto OpenMRS/H2,synchronizationmr/api/src/test/java/org/openmrs/module/synchronizationmr/api/PatientReceiveIntegrationTest.java
AUTO-122,api,org.openmrs.module.synchronizationmr.api.PatientReceiveIntegrationTest,duplicateDeliveryReturnsConfirmationWithoutRewritingPatient,PASS,Contexto OpenMRS/H2,synchronizationmr/api/src/test/java/org/openmrs/module/synchronizationmr/api/PatientReceiveIntegrationTest.java
AUTO-123,api,org.openmrs.module.synchronizationmr.api.PatientReceiveIntegrationTest,receivesPatientAndPreservesOriginForRedistribution,PASS,Contexto OpenMRS/H2,synchronizationmr/api/src/test/java/org/openmrs/module/synchronizationmr/api/PatientReceiveIntegrationTest.java
AUTO-124,api,org.openmrs.module.synchronizationmr.api.PatientReceiveIntegrationTest,rejectsMalformedUnsupportedAndUnknownFields,PASS,Contexto OpenMRS/H2,synchronizationmr/api/src/test/java/org/openmrs/module/synchronizationmr/api/PatientReceiveIntegrationTest.java
AUTO-125,api,org.openmrs.module.synchronizationmr.api.PatientReceiveIntegrationTest,rejectsExistingPatientWithoutOverwritingOrConfirming,PASS,Contexto OpenMRS/H2,synchronizationmr/api/src/test/java/org/openmrs/module/synchronizationmr/api/PatientReceiveIntegrationTest.java
AUTO-126,api,org.openmrs.module.synchronizationmr.api.PatientReceiveIntegrationTest,acceptsHistoricalSchemaThreeWithoutRewritingSnapshot,PASS,Contexto OpenMRS/H2,synchronizationmr/api/src/test/java/org/openmrs/module/synchronizationmr/api/PatientReceiveIntegrationTest.java
AUTO-127,api,org.openmrs.module.synchronizationmr.api.PatientReceiveIntegrationTest,preservesAllAddressFieldsAndMultipleNamesAfterDatabaseReload,PASS,Contexto OpenMRS/H2,synchronizationmr/api/src/test/java/org/openmrs/module/synchronizationmr/api/PatientReceiveIntegrationTest.java
AUTO-128,api,org.openmrs.module.synchronizationmr.api.PatientReceiveIntegrationTest,unauthenticatedCallerCannotImportPatient,PASS,Contexto OpenMRS/H2,synchronizationmr/api/src/test/java/org/openmrs/module/synchronizationmr/api/PatientReceiveIntegrationTest.java
AUTO-129,api,org.openmrs.module.synchronizationmr.api.PatientReceiveIntegrationTest,rejectsEquivalentAddressesRatherThanSilentlyDroppingOne,PASS,Contexto OpenMRS/H2,synchronizationmr/api/src/test/java/org/openmrs/module/synchronizationmr/api/PatientReceiveIntegrationTest.java
AUTO-130,api,org.openmrs.module.synchronizationmr.sync.EncounterCreationPayloadSerializerTest,preservesGroupedValuesAndNativeReferences,PASS,Aislada / dobles,synchronizationmr/api/src/test/java/org/openmrs/module/synchronizationmr/sync/EncounterCreationPayloadSerializerTest.java
AUTO-131,api,org.openmrs.module.synchronizationmr.sync.EncounterCreationPayloadSerializerTest,preservesTextDatesAndVoidedObservations,PASS,Aislada / dobles,synchronizationmr/api/src/test/java/org/openmrs/module/synchronizationmr/sync/EncounterCreationPayloadSerializerTest.java
AUTO-132,api,org.openmrs.module.synchronizationmr.sync.EncounterCreationPayloadSerializerTest,separatesOrderReferencesAndDoesNotClaimToIncludeComplexFiles,PASS,Aislada / dobles,synchronizationmr/api/src/test/java/org/openmrs/module/synchronizationmr/sync/EncounterCreationPayloadSerializerTest.java
AUTO-133,api,org.openmrs.module.synchronizationmr.sync.EncounterSyncClientTest,rejectsGapBeforeSaving,PASS,Aislada / dobles,synchronizationmr/api/src/test/java/org/openmrs/module/synchronizationmr/sync/EncounterSyncClientTest.java
AUTO-134,api,org.openmrs.module.synchronizationmr.sync.EncounterSyncClientTest,acceptsDistinctConfiguredServerId,PASS,Aislada / dobles,synchronizationmr/api/src/test/java/org/openmrs/module/synchronizationmr/sync/EncounterSyncClientTest.java
AUTO-135,api,org.openmrs.module.synchronizationmr.sync.EncounterSyncClientTest,rejectsUnconfiguredLocalIdentityBeforeNetwork,PASS,Aislada / dobles,synchronizationmr/api/src/test/java/org/openmrs/module/synchronizationmr/sync/EncounterSyncClientTest.java
AUTO-136,api,org.openmrs.module.synchronizationmr.sync.EncounterSyncClientTest,sendsOwnEventsAndReceivesOtherOriginsWithoutDownloadingItself,PASS,Aislada / dobles,synchronizationmr/api/src/test/java/org/openmrs/module/synchronizationmr/sync/EncounterSyncClientTest.java
AUTO-137,api,org.openmrs.module.synchronizationmr.sync.EncounterSyncClientTest,transportRejectsInsecureOrEmbeddedCredentials,PASS,Aislada / dobles,synchronizationmr/api/src/test/java/org/openmrs/module/synchronizationmr/sync/EncounterSyncClientTest.java
AUTO-138,api,org.openmrs.module.synchronizationmr.sync.EncounterSyncClientTest,rejectsOuterTransactionBeforeNetwork,PASS,Aislada / dobles,synchronizationmr/api/src/test/java/org/openmrs/module/synchronizationmr/sync/EncounterSyncClientTest.java
AUTO-139,api,org.openmrs.module.synchronizationmr.sync.EncounterSyncClientTest,rejectsMasterWithSameServerIdBeforeExchangingEncounters,PASS,Aislada / dobles,synchronizationmr/api/src/test/java/org/openmrs/module/synchronizationmr/sync/EncounterSyncClientTest.java
AUTO-140,api,org.openmrs.module.synchronizationmr.sync.EncounterSyncClientTest,failureBeforeDeliveryRetriesTheSameOriginalEvent,PASS,Aislada / dobles,synchronizationmr/api/src/test/java/org/openmrs/module/synchronizationmr/sync/EncounterSyncClientTest.java
AUTO-141,api,org.openmrs.module.synchronizationmr.sync.EncounterSyncClientTest,receptionResumesFromLocallyCommittedSequence,PASS,Aislada / dobles,synchronizationmr/api/src/test/java/org/openmrs/module/synchronizationmr/sync/EncounterSyncClientTest.java
AUTO-142,api,org.openmrs.module.synchronizationmr.sync.EncounterSyncClientTest,missingEncounterFromEarlierOriginDoesNotStarveLaterOrigin,PASS,Aislada / dobles,synchronizationmr/api/src/test/java/org/openmrs/module/synchronizationmr/sync/EncounterSyncClientTest.java
AUTO-143,api,org.openmrs.module.synchronizationmr.sync.EncounterSyncClientTest,rejectsOldProtocolEvenIfServerNameMatches,PASS,Aislada / dobles,synchronizationmr/api/src/test/java/org/openmrs/module/synchronizationmr/sync/EncounterSyncClientTest.java
AUTO-144,api,org.openmrs.module.synchronizationmr.sync.EncounterSyncClientTest,lostAcknowledgementResumesFromMastersPersistedConfirmation,PASS,Aislada / dobles,synchronizationmr/api/src/test/java/org/openmrs/module/synchronizationmr/sync/EncounterSyncClientTest.java
AUTO-145,api,org.openmrs.module.synchronizationmr.sync.EncounterSyncClientTest,rejectsWrongMasterBeforeSendingClinicalData,PASS,Aislada / dobles,synchronizationmr/api/src/test/java/org/openmrs/module/synchronizationmr/sync/EncounterSyncClientTest.java
AUTO-146,api,org.openmrs.module.synchronizationmr.sync.EncounterSyncClientTest,rejectsConfirmationForAnotherOrigin,PASS,Aislada / dobles,synchronizationmr/api/src/test/java/org/openmrs/module/synchronizationmr/sync/EncounterSyncClientTest.java
AUTO-147,api,org.openmrs.module.synchronizationmr.sync.OrderSyncClientTest,rejectsGapBeforeSaving,PASS,Aislada / dobles,synchronizationmr/api/src/test/java/org/openmrs/module/synchronizationmr/sync/OrderSyncClientTest.java
AUTO-148,api,org.openmrs.module.synchronizationmr.sync.OrderSyncClientTest,acceptsDistinctConfiguredServerId,PASS,Aislada / dobles,synchronizationmr/api/src/test/java/org/openmrs/module/synchronizationmr/sync/OrderSyncClientTest.java
AUTO-149,api,org.openmrs.module.synchronizationmr.sync.OrderSyncClientTest,rejectsUnconfiguredLocalIdentityBeforeNetwork,PASS,Aislada / dobles,synchronizationmr/api/src/test/java/org/openmrs/module/synchronizationmr/sync/OrderSyncClientTest.java
AUTO-150,api,org.openmrs.module.synchronizationmr.sync.OrderSyncClientTest,sendsOwnEventsAndReceivesOtherOriginsWithoutDownloadingItself,PASS,Aislada / dobles,synchronizationmr/api/src/test/java/org/openmrs/module/synchronizationmr/sync/OrderSyncClientTest.java
AUTO-151,api,org.openmrs.module.synchronizationmr.sync.OrderSyncClientTest,transportRejectsInsecureOrEmbeddedCredentials,PASS,Aislada / dobles,synchronizationmr/api/src/test/java/org/openmrs/module/synchronizationmr/sync/OrderSyncClientTest.java
AUTO-152,api,org.openmrs.module.synchronizationmr.sync.OrderSyncClientTest,rejectsOuterTransactionBeforeNetwork,PASS,Aislada / dobles,synchronizationmr/api/src/test/java/org/openmrs/module/synchronizationmr/sync/OrderSyncClientTest.java
AUTO-153,api,org.openmrs.module.synchronizationmr.sync.OrderSyncClientTest,failureBeforeDeliveryRetriesTheSameOriginalEvent,PASS,Aislada / dobles,synchronizationmr/api/src/test/java/org/openmrs/module/synchronizationmr/sync/OrderSyncClientTest.java
AUTO-154,api,org.openmrs.module.synchronizationmr.sync.OrderSyncClientTest,receptionResumesFromLocallyCommittedSequence,PASS,Aislada / dobles,synchronizationmr/api/src/test/java/org/openmrs/module/synchronizationmr/sync/OrderSyncClientTest.java
AUTO-155,api,org.openmrs.module.synchronizationmr.sync.OrderSyncClientTest,rejectsOldProtocolEvenIfServerNameMatches,PASS,Aislada / dobles,synchronizationmr/api/src/test/java/org/openmrs/module/synchronizationmr/sync/OrderSyncClientTest.java
AUTO-156,api,org.openmrs.module.synchronizationmr.sync.OrderSyncClientTest,lostAcknowledgementResumesFromMastersPersistedConfirmation,PASS,Aislada / dobles,synchronizationmr/api/src/test/java/org/openmrs/module/synchronizationmr/sync/OrderSyncClientTest.java
AUTO-157,api,org.openmrs.module.synchronizationmr.sync.OrderSyncClientTest,rejectsWrongMasterBeforeSendingClinicalData,PASS,Aislada / dobles,synchronizationmr/api/src/test/java/org/openmrs/module/synchronizationmr/sync/OrderSyncClientTest.java
AUTO-158,api,org.openmrs.module.synchronizationmr.sync.OrderSyncClientTest,rejectsConfirmationForAnotherOrigin,PASS,Aislada / dobles,synchronizationmr/api/src/test/java/org/openmrs/module/synchronizationmr/sync/OrderSyncClientTest.java
AUTO-159,api,org.openmrs.module.synchronizationmr.sync.OrderSyncClientTest,rejectsMasterWithSameServerIdBeforeExchangingOrders,PASS,Aislada / dobles,synchronizationmr/api/src/test/java/org/openmrs/module/synchronizationmr/sync/OrderSyncClientTest.java
AUTO-160,api,org.openmrs.module.synchronizationmr.sync.PatientCreationPayloadSerializerTest,rejectsAddressWithoutStableUuid,PASS,Aislada / dobles,synchronizationmr/api/src/test/java/org/openmrs/module/synchronizationmr/sync/PatientCreationPayloadSerializerTest.java
AUTO-161,api,org.openmrs.module.synchronizationmr.sync.PatientCreationPayloadSerializerTest,emitsOptionalFieldsAndPreservesSimpleAttributesWithoutVoidedHistory,PASS,Aislada / dobles,synchronizationmr/api/src/test/java/org/openmrs/module/synchronizationmr/sync/PatientCreationPayloadSerializerTest.java
AUTO-162,api,org.openmrs.module.synchronizationmr.sync.PatientCreationPayloadSerializerTest,patientWithoutAddressesHasEmptyArray,PASS,Aislada / dobles,synchronizationmr/api/src/test/java/org/openmrs/module/synchronizationmr/sync/PatientCreationPayloadSerializerTest.java
AUTO-163,api,org.openmrs.module.synchronizationmr.sync.PatientCreationPayloadSerializerTest,rejectsUnsupportedAttributeFormatsAndMalformedNumbers,PASS,Aislada / dobles,synchronizationmr/api/src/test/java/org/openmrs/module/synchronizationmr/sync/PatientCreationPayloadSerializerTest.java
AUTO-164,api,org.openmrs.module.synchronizationmr.sync.PatientCreationPayloadSerializerTest,preservesMultipleAddressesAndSkipsVoidedAddress,PASS,Aislada / dobles,synchronizationmr/api/src/test/java/org/openmrs/module/synchronizationmr/sync/PatientCreationPayloadSerializerTest.java
AUTO-165,api,org.openmrs.module.synchronizationmr.sync.PatientPreparationSchedulerTest,preparationNeedsOnlyLocalCredentialsAndBoundedBatch,PASS,Aislada / dobles,synchronizationmr/api/src/test/java/org/openmrs/module/synchronizationmr/sync/PatientPreparationSchedulerTest.java
AUTO-166,api,org.openmrs.module.synchronizationmr.sync.PatientPreparationSchedulerTest,resultsAreExplicitAndRequirePreparationOfTheirDependencies,PASS,Aislada / dobles,synchronizationmr/api/src/test/java/org/openmrs/module/synchronizationmr/sync/PatientPreparationSchedulerTest.java
AUTO-167,api,org.openmrs.module.synchronizationmr.sync.PatientPreparationSchedulerTest,disabledPreparationDoesNotNeedConnectionOrCredentials,PASS,Aislada / dobles,synchronizationmr/api/src/test/java/org/openmrs/module/synchronizationmr/sync/PatientPreparationSchedulerTest.java
AUTO-168,api,org.openmrs.module.synchronizationmr.sync.PatientSyncClientTest,rejectsMasterWithSameServerIdBeforeExchangingPatients,PASS,Aislada / dobles,synchronizationmr/api/src/test/java/org/openmrs/module/synchronizationmr/sync/PatientSyncClientTest.java
AUTO-169,api,org.openmrs.module.synchronizationmr.sync.PatientSyncClientTest,rejectsGapBeforeSaving,PASS,Aislada / dobles,synchronizationmr/api/src/test/java/org/openmrs/module/synchronizationmr/sync/PatientSyncClientTest.java
AUTO-170,api,org.openmrs.module.synchronizationmr.sync.PatientSyncClientTest,acceptsDistinctConfiguredServerId,PASS,Aislada / dobles,synchronizationmr/api/src/test/java/org/openmrs/module/synchronizationmr/sync/PatientSyncClientTest.java
AUTO-171,api,org.openmrs.module.synchronizationmr.sync.PatientSyncClientTest,rejectsUnconfiguredLocalIdentityBeforeNetwork,PASS,Aislada / dobles,synchronizationmr/api/src/test/java/org/openmrs/module/synchronizationmr/sync/PatientSyncClientTest.java
AUTO-172,api,org.openmrs.module.synchronizationmr.sync.PatientSyncClientTest,sendsOwnEventsAndReceivesOtherOriginsWithoutDownloadingItself,PASS,Aislada / dobles,synchronizationmr/api/src/test/java/org/openmrs/module/synchronizationmr/sync/PatientSyncClientTest.java
AUTO-173,api,org.openmrs.module.synchronizationmr.sync.PatientSyncClientTest,transportRejectsInsecureOrEmbeddedCredentials,PASS,Aislada / dobles,synchronizationmr/api/src/test/java/org/openmrs/module/synchronizationmr/sync/PatientSyncClientTest.java
AUTO-174,api,org.openmrs.module.synchronizationmr.sync.PatientSyncClientTest,rejectsOuterTransactionBeforeNetwork,PASS,Aislada / dobles,synchronizationmr/api/src/test/java/org/openmrs/module/synchronizationmr/sync/PatientSyncClientTest.java
AUTO-175,api,org.openmrs.module.synchronizationmr.sync.PatientSyncClientTest,failureBeforeDeliveryRetriesTheSameOriginalEvent,PASS,Aislada / dobles,synchronizationmr/api/src/test/java/org/openmrs/module/synchronizationmr/sync/PatientSyncClientTest.java
AUTO-176,api,org.openmrs.module.synchronizationmr.sync.PatientSyncClientTest,receptionResumesFromLocallyCommittedSequence,PASS,Aislada / dobles,synchronizationmr/api/src/test/java/org/openmrs/module/synchronizationmr/sync/PatientSyncClientTest.java
AUTO-177,api,org.openmrs.module.synchronizationmr.sync.PatientSyncClientTest,rejectsOldProtocolEvenIfServerNameMatches,PASS,Aislada / dobles,synchronizationmr/api/src/test/java/org/openmrs/module/synchronizationmr/sync/PatientSyncClientTest.java
AUTO-178,api,org.openmrs.module.synchronizationmr.sync.PatientSyncClientTest,lostAcknowledgementResumesFromMastersPersistedConfirmation,PASS,Aislada / dobles,synchronizationmr/api/src/test/java/org/openmrs/module/synchronizationmr/sync/PatientSyncClientTest.java
AUTO-179,api,org.openmrs.module.synchronizationmr.sync.PatientSyncClientTest,rejectsWrongMasterBeforeSendingClinicalData,PASS,Aislada / dobles,synchronizationmr/api/src/test/java/org/openmrs/module/synchronizationmr/sync/PatientSyncClientTest.java
AUTO-180,api,org.openmrs.module.synchronizationmr.sync.PatientSyncClientTest,rejectsConfirmationForAnotherOrigin,PASS,Aislada / dobles,synchronizationmr/api/src/test/java/org/openmrs/module/synchronizationmr/sync/PatientSyncClientTest.java
AUTO-181,api,org.openmrs.module.synchronizationmr.sync.PatientSyncSchedulerTest,orderTransportRequiresEncounterTransport,PASS,Aislada / dobles,synchronizationmr/api/src/test/java/org/openmrs/module/synchronizationmr/sync/PatientSyncSchedulerTest.java
AUTO-182,api,org.openmrs.module.synchronizationmr.sync.PatientSyncSchedulerTest,canRestartAfterCleanStop,PASS,Aislada / dobles,synchronizationmr/api/src/test/java/org/openmrs/module/synchronizationmr/sync/PatientSyncSchedulerTest.java
AUTO-183,api,org.openmrs.module.synchronizationmr.sync.PatientSyncSchedulerTest,failedCycleDoesNotCancelNextAttempt,PASS,Aislada / dobles,synchronizationmr/api/src/test/java/org/openmrs/module/synchronizationmr/sync/PatientSyncSchedulerTest.java
AUTO-184,api,org.openmrs.module.synchronizationmr.sync.PatientSyncSchedulerTest,disabledDoesNotRequireCredentials,PASS,Aislada / dobles,synchronizationmr/api/src/test/java/org/openmrs/module/synchronizationmr/sync/PatientSyncSchedulerTest.java
AUTO-185,api,org.openmrs.module.synchronizationmr.sync.PatientSyncSchedulerTest,refusesSecondWorkerAndInterruptsCurrentCycleOnStop,PASS,Aislada / dobles,synchronizationmr/api/src/test/java/org/openmrs/module/synchronizationmr/sync/PatientSyncSchedulerTest.java
AUTO-186,api,org.openmrs.module.synchronizationmr.sync.PatientSyncSchedulerTest,validatesEnabledConfiguration,PASS,Aislada / dobles,synchronizationmr/api/src/test/java/org/openmrs/module/synchronizationmr/sync/PatientSyncSchedulerTest.java
AUTO-187,omod,org.openmrs.module.synchronizationmr.web.EncounterSyncHttpServletTest,returnsJsonObjectsAndDoesNotConfirmPages,PASS,Web con dobles,synchronizationmr/omod/src/test/java/org/openmrs/module/synchronizationmr/web/EncounterSyncHttpServletTest.java
AUTO-188,omod,org.openmrs.module.synchronizationmr.web.EncounterSyncHttpServletTest,receivesOnlyAuthorizedOriginAndReturnsConfirmation,PASS,Web con dobles,synchronizationmr/omod/src/test/java/org/openmrs/module/synchronizationmr/web/EncounterSyncHttpServletTest.java
AUTO-189,omod,org.openmrs.module.synchronizationmr.web.EncounterSyncHttpServletTest,returnsNodeAndOrigins,PASS,Web con dobles,synchronizationmr/omod/src/test/java/org/openmrs/module/synchronizationmr/web/EncounterSyncHttpServletTest.java
AUTO-190,omod,org.openmrs.module.synchronizationmr.web.EncounterSyncHttpServletTest,rejectsMissingOrBadCredentials,PASS,Web con dobles,synchronizationmr/omod/src/test/java/org/openmrs/module/synchronizationmr/web/EncounterSyncHttpServletTest.java
AUTO-191,omod,org.openmrs.module.synchronizationmr.web.EncounterSyncHttpServletTest,rejectsInvalidPaginationAndMissingJsonEvent,PASS,Web con dobles,synchronizationmr/omod/src/test/java/org/openmrs/module/synchronizationmr/web/EncounterSyncHttpServletTest.java
AUTO-192,omod,org.openmrs.module.synchronizationmr.web.EncounterSyncHttpServletTest,rejectsMissingServerIdentityOnEveryResource,PASS,Web con dobles,synchronizationmr/omod/src/test/java/org/openmrs/module/synchronizationmr/web/EncounterSyncHttpServletTest.java
AUTO-193,omod,org.openmrs.module.synchronizationmr.web.EncounterSyncHttpServletTest,rejectsUnsupportedBodiesAndMethods,PASS,Web con dobles,synchronizationmr/omod/src/test/java/org/openmrs/module/synchronizationmr/web/EncounterSyncHttpServletTest.java
AUTO-194,omod,org.openmrs.module.synchronizationmr.web.EncounterSyncHttpServletTest,rejectsUnconfiguredPeerAndClosesScope,PASS,Web con dobles,synchronizationmr/omod/src/test/java/org/openmrs/module/synchronizationmr/web/EncounterSyncHttpServletTest.java
AUTO-195,omod,org.openmrs.module.synchronizationmr.web.EncounterSyncHttpServletTest,rejectsOuterTransactionBeforeAcknowledging,PASS,Web con dobles,synchronizationmr/omod/src/test/java/org/openmrs/module/synchronizationmr/web/EncounterSyncHttpServletTest.java
AUTO-196,omod,org.openmrs.module.synchronizationmr.web.EncounterSyncHttpServletTest,forbidsOriginSpoofingBeforeCallingReceiver,PASS,Web con dobles,synchronizationmr/omod/src/test/java/org/openmrs/module/synchronizationmr/web/EncounterSyncHttpServletTest.java
AUTO-197,omod,org.openmrs.module.synchronizationmr.web.EncounterSyncHttpServletTest,rejectsPlainHttpBeforeAuthentication,PASS,Web con dobles,synchronizationmr/omod/src/test/java/org/openmrs/module/synchronizationmr/web/EncounterSyncHttpServletTest.java
AUTO-198,omod,org.openmrs.module.synchronizationmr.web.EncounterSyncHttpServletTest,separatesHighestFromConfirmedSequence,PASS,Web con dobles,synchronizationmr/omod/src/test/java/org/openmrs/module/synchronizationmr/web/EncounterSyncHttpServletTest.java
AUTO-199,omod,org.openmrs.module.synchronizationmr.web.OrderSyncHttpServletTest,returnsJsonObjectsAndDoesNotConfirmPages,PASS,Web con dobles,synchronizationmr/omod/src/test/java/org/openmrs/module/synchronizationmr/web/OrderSyncHttpServletTest.java
AUTO-200,omod,org.openmrs.module.synchronizationmr.web.OrderSyncHttpServletTest,receivesOnlyAuthorizedOriginAndReturnsConfirmation,PASS,Web con dobles,synchronizationmr/omod/src/test/java/org/openmrs/module/synchronizationmr/web/OrderSyncHttpServletTest.java
AUTO-201,omod,org.openmrs.module.synchronizationmr.web.OrderSyncHttpServletTest,returnsNodeAndOrigins,PASS,Web con dobles,synchronizationmr/omod/src/test/java/org/openmrs/module/synchronizationmr/web/OrderSyncHttpServletTest.java
AUTO-202,omod,org.openmrs.module.synchronizationmr.web.OrderSyncHttpServletTest,rejectsMissingOrBadCredentials,PASS,Web con dobles,synchronizationmr/omod/src/test/java/org/openmrs/module/synchronizationmr/web/OrderSyncHttpServletTest.java
AUTO-203,omod,org.openmrs.module.synchronizationmr.web.OrderSyncHttpServletTest,rejectsInvalidPaginationAndMissingJsonEvent,PASS,Web con dobles,synchronizationmr/omod/src/test/java/org/openmrs/module/synchronizationmr/web/OrderSyncHttpServletTest.java
AUTO-204,omod,org.openmrs.module.synchronizationmr.web.OrderSyncHttpServletTest,rejectsMissingServerIdentityOnEveryResource,PASS,Web con dobles,synchronizationmr/omod/src/test/java/org/openmrs/module/synchronizationmr/web/OrderSyncHttpServletTest.java
AUTO-205,omod,org.openmrs.module.synchronizationmr.web.OrderSyncHttpServletTest,rejectsUnsupportedBodiesAndMethods,PASS,Web con dobles,synchronizationmr/omod/src/test/java/org/openmrs/module/synchronizationmr/web/OrderSyncHttpServletTest.java
AUTO-206,omod,org.openmrs.module.synchronizationmr.web.OrderSyncHttpServletTest,rejectsUnconfiguredPeerAndClosesScope,PASS,Web con dobles,synchronizationmr/omod/src/test/java/org/openmrs/module/synchronizationmr/web/OrderSyncHttpServletTest.java
AUTO-207,omod,org.openmrs.module.synchronizationmr.web.OrderSyncHttpServletTest,rejectsOuterTransactionBeforeAcknowledging,PASS,Web con dobles,synchronizationmr/omod/src/test/java/org/openmrs/module/synchronizationmr/web/OrderSyncHttpServletTest.java
AUTO-208,omod,org.openmrs.module.synchronizationmr.web.OrderSyncHttpServletTest,forbidsOriginSpoofingBeforeCallingReceiver,PASS,Web con dobles,synchronizationmr/omod/src/test/java/org/openmrs/module/synchronizationmr/web/OrderSyncHttpServletTest.java
AUTO-209,omod,org.openmrs.module.synchronizationmr.web.OrderSyncHttpServletTest,rejectsPlainHttpBeforeAuthentication,PASS,Web con dobles,synchronizationmr/omod/src/test/java/org/openmrs/module/synchronizationmr/web/OrderSyncHttpServletTest.java
AUTO-210,omod,org.openmrs.module.synchronizationmr.web.OrderSyncHttpServletTest,separatesHighestFromConfirmedSequence,PASS,Web con dobles,synchronizationmr/omod/src/test/java/org/openmrs/module/synchronizationmr/web/OrderSyncHttpServletTest.java
AUTO-211,omod,org.openmrs.module.synchronizationmr.web.PatientSyncHttpIntegrationTest,authenticatesPerRequestAndRestoresPreviousUserContext,PASS,Contexto OpenMRS/H2,synchronizationmr/omod/src/test/java/org/openmrs/module/synchronizationmr/web/PatientSyncHttpIntegrationTest.java
AUTO-212,omod,org.openmrs.module.synchronizationmr.web.PatientSyncHttpIntegrationTest,wrongCredentialsCannotUseExistingBrowserAuthentication,PASS,Contexto OpenMRS/H2,synchronizationmr/omod/src/test/java/org/openmrs/module/synchronizationmr/web/PatientSyncHttpIntegrationTest.java
AUTO-213,omod,org.openmrs.module.synchronizationmr.web.PatientSyncHttpIntegrationTest,postaCannotImpersonateAnotherOrigin,PASS,Contexto OpenMRS/H2,synchronizationmr/omod/src/test/java/org/openmrs/module/synchronizationmr/web/PatientSyncHttpIntegrationTest.java
AUTO-214,omod,org.openmrs.module.synchronizationmr.web.PatientSyncHttpIntegrationTest,respondsWithConfirmationAfterRealCommitAndAllowsRetry,PASS,Contexto OpenMRS/H2,synchronizationmr/omod/src/test/java/org/openmrs/module/synchronizationmr/web/PatientSyncHttpIntegrationTest.java
AUTO-215,omod,org.openmrs.module.synchronizationmr.web.PatientSyncHttpServletTest,returnsJsonObjectsAndDoesNotConfirmPages,PASS,Web con dobles,synchronizationmr/omod/src/test/java/org/openmrs/module/synchronizationmr/web/PatientSyncHttpServletTest.java
AUTO-216,omod,org.openmrs.module.synchronizationmr.web.PatientSyncHttpServletTest,receivesOnlyAuthorizedOriginAndReturnsConfirmation,PASS,Web con dobles,synchronizationmr/omod/src/test/java/org/openmrs/module/synchronizationmr/web/PatientSyncHttpServletTest.java
AUTO-217,omod,org.openmrs.module.synchronizationmr.web.PatientSyncHttpServletTest,returnsNodeAndOrigins,PASS,Web con dobles,synchronizationmr/omod/src/test/java/org/openmrs/module/synchronizationmr/web/PatientSyncHttpServletTest.java
AUTO-218,omod,org.openmrs.module.synchronizationmr.web.PatientSyncHttpServletTest,rejectsMissingOrBadCredentials,PASS,Web con dobles,synchronizationmr/omod/src/test/java/org/openmrs/module/synchronizationmr/web/PatientSyncHttpServletTest.java
AUTO-219,omod,org.openmrs.module.synchronizationmr.web.PatientSyncHttpServletTest,rejectsInvalidPaginationAndMissingJsonEvent,PASS,Web con dobles,synchronizationmr/omod/src/test/java/org/openmrs/module/synchronizationmr/web/PatientSyncHttpServletTest.java
AUTO-220,omod,org.openmrs.module.synchronizationmr.web.PatientSyncHttpServletTest,rejectsMissingServerIdentityOnEveryResource,PASS,Web con dobles,synchronizationmr/omod/src/test/java/org/openmrs/module/synchronizationmr/web/PatientSyncHttpServletTest.java
AUTO-221,omod,org.openmrs.module.synchronizationmr.web.PatientSyncHttpServletTest,rejectsUnsupportedBodiesAndMethods,PASS,Web con dobles,synchronizationmr/omod/src/test/java/org/openmrs/module/synchronizationmr/web/PatientSyncHttpServletTest.java
AUTO-222,omod,org.openmrs.module.synchronizationmr.web.PatientSyncHttpServletTest,rejectsUnconfiguredPeerAndClosesScope,PASS,Web con dobles,synchronizationmr/omod/src/test/java/org/openmrs/module/synchronizationmr/web/PatientSyncHttpServletTest.java
AUTO-223,omod,org.openmrs.module.synchronizationmr.web.PatientSyncHttpServletTest,rejectsOuterTransactionBeforeAcknowledging,PASS,Web con dobles,synchronizationmr/omod/src/test/java/org/openmrs/module/synchronizationmr/web/PatientSyncHttpServletTest.java
AUTO-224,omod,org.openmrs.module.synchronizationmr.web.PatientSyncHttpServletTest,forbidsOriginSpoofingBeforeCallingReceiver,PASS,Web con dobles,synchronizationmr/omod/src/test/java/org/openmrs/module/synchronizationmr/web/PatientSyncHttpServletTest.java
AUTO-225,omod,org.openmrs.module.synchronizationmr.web.PatientSyncHttpServletTest,rejectsPlainHttpBeforeAuthentication,PASS,Web con dobles,synchronizationmr/omod/src/test/java/org/openmrs/module/synchronizationmr/web/PatientSyncHttpServletTest.java
AUTO-226,omod,org.openmrs.module.synchronizationmr.web.PatientSyncHttpServletTest,separatesHighestFromConfirmedSequence,PASS,Web con dobles,synchronizationmr/omod/src/test/java/org/openmrs/module/synchronizationmr/web/PatientSyncHttpServletTest.java
